deck,hero,card,pitch,rules,verdict
01M2EA2J62QDE6ZZYP0YPXEBG4,Azalea,point-the-tip-blue,3,"Target face-up arrow in your arsenal gets +1{p} until end of turn. Put an aim counter on it.

**Go again**",
01M2EA2J62QDE6ZZYP0YPXEBG4,Azalea,hook-blue,3,"Look at the top card of your deck. If it's an arrow, you may put it face-up into your arsenal. If you do, it gets +1{p} this turn.

**Go again**",
01M0KJEX07FX04Z07EQ1TESWYP,Kayo,vigorous-smashup-red,1,"When this defends, **clash** with the attacking hero. The winner creates a Vigor token. You may put your revealed card on the bottom of its owner's deck.",
01M0KJEX07FX04Z07EQ1TESWYP,Kayo,breakneck-battery-blue,3,"As an additional cost to play this, discard a random card.

If the discarded card has 6 or more {p}, this gets **go again**.",
01M2EA2J62QDE6ZZYP0YPXEBG4,Azalea,point-the-tip-yellow,2,"Target face-up arrow in your arsenal gets +2{p} until end of turn. Put an aim counter on it.

**Go again**",
01M2GEPE0X50C32E02KZNXAETH,"Levia, Shadowborn Abomination",feasting-shadowbeast-blue,3,"When this attacks, banish the top card of your deck.

If you've banished a card with 6 or more {p} this turn, this gets +2{p}.

**Blood Debt**",
01M2EA2J62QDE6ZZYP0YPXEBG4,Azalea,call-in-the-big-guns-blue,3,"Your next arrow attack this turn gets +1{p}.

You may put an arrow from your hand face-up into your arsenal.

**Go again**",
01M2GEPE0X50C32E02KZNXAETH,"Levia, Shadowborn Abomination",tribute-to-the-legions-of-doom-yellow,2,"As an additional cost to play this, banish a random card from your hand.

If a card with 6 or more {p} is banished this way, this gets +2{p}.

**Blood Debt**",
01M2EA2J62QDE6ZZYP0YPXEBG4,Azalea,call-in-the-big-guns-yellow,2,"Your next arrow attack this turn gets +2{p}.

You may put an arrow from your hand face-up into your arsenal.

**Go again**",
01M0KJEX07FX04Z07EQ1TESWYP,Kayo,breakneck-battery-yellow,2,"As an additional cost to play this, discard a random card.

If the discarded card has 6 or more {p}, this gets **go again**.",
01M2GEPE0X50C32E02KZNXAETH,"Levia, Shadowborn Abomination",tribute-to-demolition-red,1,"As an additional cost to play this, banish a random card from your hand.

If a card with 6 or more {p} is banished this way, this gets +2{p}.

**Blood Debt**",
01M2GEPE0X50C32E02KZNXAETH,"Levia, Shadowborn Abomination",tribute-to-the-legions-of-doom-blue,3,"As an additional cost to play this, banish a random card from your hand.

If a card with 6 or more {p} is banished this way, this gets +2{p}.

**Blood Debt**",
01M2EA2J62QDE6ZZYP0YPXEBG4,Azalea,point-the-tip-red,1,"Target face-up arrow in your arsenal gets +3{p} until end of turn. Put an aim counter on it.

**Go again**",
01M2GEPE0X50C32E02KZNXAETH,"Levia, Shadowborn Abomination",endless-maw-blue,3,"As an additional cost to play this, banish 3 random cards from your graveyard.

If a card with 6 or more {p} is banished this way, this gets +3{p}.

**Blood Debt**",
01M2GEPE0X50C32E02KZNXAETH,"Levia, Shadowborn Abomination",feasting-shadowbeast-yellow,2,"When this attacks, banish the top card of your deck.

If you've banished a card with 6 or more {p} this turn, this gets +2{p}.

**Blood Debt**",
01M2EA2J62QDE6ZZYP0YPXEBG4,Azalea,fletch-a-red-tail-red,1,"Your next arrow attack this turn gets +4{p}.

If it has an aim counter, it gets ""Red cards get -1{d} while defending this.""

**Go again**",
01M2EA2J62QDE6ZZYP0YPXEBG4,Azalea,read-the-glide-path-blue,3,"Your next arrow attack this turn gets +1{p}.

**Opt 1**

**Go again**",
01M0KJEX07FX04Z07EQ1TESWYP,Kayo,breakneck-battery-red,1,"As an additional cost to play this, discard a random card.

If the discarded card has 6 or more {p}, this gets **go again**.",
01M0KJEX07FX04Z07EQ1TESWYP,Kayo,wild-ride-blue,3,"When this attacks, draw a card, then discard a random card. If a card with 6 or more {p} is discarded this way, this gets **go again**.",
01M2EA2J62QDE6ZZYP0YPXEBG4,Azalea,fire-in-the-hole-red,1,"Your next arrow attack this turn gets +3{p}.

You may {u} a bow you control.

**Go again**",
01M0KJEX07FX04Z07EQ1TESWYP,Kayo,madcap-charger-blue,3,"As an additional cost to play this, discard a random card.

If the discarded card has 6 or more {p}, this gets **go again**.",
01M2GEPE0X50C32E02KZNXAETH,"Levia, Shadowborn Abomination",endless-maw-red,1,"As an additional cost to play this, banish 3 random cards from your graveyard.

If a card with 6 or more {p} is banished this way, this gets +3{p}.

**Blood Debt**",
01M0KJEX07FX04Z07EQ1TESWYP,Kayo,rip-off-the-top-yellow,2,"Draw a card, then pitch a random card from your hand. If it has 6 or more {p}, your next attack this turn gets +3{p}.

**Go again**",
01M2EA2J62QDE6ZZYP0YPXEBG4,Azalea,line-blue,3,"Look at the top card of your deck. If it's an arrow, you may put it face-up into your arsenal. If you do, it gets **go again** this turn.

**Go again**",
01M0KJEX07FX04Z07EQ1TESWYP,Kayo,madcap-charger-yellow,2,"As an additional cost to play this, discard a random card.

If the discarded card has 6 or more {p}, this gets **go again**.",
01M0KJEX07FX04Z07EQ1TESWYP,Kayo,barraging-big-horn-yellow,2,"As an additional cost to play this, discard a random card.

If this is defended by fewer than 2 non-equipment cards, it gets **go again**.",
01M0KJEX07FX04Z07EQ1TESWYP,Kayo,madcap-charger-red,1,"As an additional cost to play this, discard a random card.

If the discarded card has 6 or more {p}, this gets **go again**.",
01M2GEPE0X50C32E02KZNXAETH,"Levia, Shadowborn Abomination",tribute-to-the-legions-of-doom-red,1,"As an additional cost to play this, banish a random card from your hand.

If a card with 6 or more {p} is banished this way, this gets +2{p}.

**Blood Debt**",
01M2GEPE0X50C32E02KZNXAETH,"Levia, Shadowborn Abomination",tribute-to-demolition-yellow,2,"As an additional cost to play this, banish a random card from your hand.

If a card with 6 or more {p} is banished this way, this gets +2{p}.

**Blood Debt**",
01M2GEPE0X50C32E02KZNXAETH,"Levia, Shadowborn Abomination",tribute-to-demolition-blue,3,"As an additional cost to play this, banish a random card from your hand.

If a card with 6 or more {p} is banished this way, this gets +2{p}.

**Blood Debt**",
